Date;P;D;E
1871-01;91.25795641;5.343934384;8.221437514
1871-02;89.75070586;5.185596339;7.977840521
1871-03;90.60207966;5.10987868;7.861351815
1871-04;96.68582136;5.303441678;8.159141043
1871-05;101.4388129;5.426767766;8.348873487
1871-06;102.1885685;5.512246434;8.48037913
1871-07;100.2804832;5.512246434;8.48037913
1871-08;103.1770211;5.600422859;8.616035168
1871-09;101.8107614;5.46917313;8.414112508
1871-10;95.06684751;5.385050186;8.284692593
1871-11;96.10243408;5.385050186;8.284692593
1871-12;95.95871141;5.26355801;8.097781553
1872-01;98.38804587;5.330364707;8.148392688
1872-02;98.79293495;5.399195851;8.199003823
1872-03;100.5207906;5.385042352;8.127425031
1872-04;101.066642;5.332338468;7.999483248
1872-05;101.066642;5.398675646;8.048260585
1872-06;100.821837;5.50294627;8.156152508
1872-07;101.7174666;5.650305549;8.326871044
1872-08;99.78151443;5.676063529;8.315126203
1872-09;97.28422871;5.699480066;8.303552854
1872-10;99.86455988;5.893415576;8.539725946
1872-11;96.57912702;5.788894341;8.340924607
1872-12;100.375452;5.939375859;8.513105398
1873-01;101.1673688;5.988870658;8.562600197
1873-02;99.75889164;5.908050864;8.426236478
1873-03;98.98406529;5.95647751;8.474663125
1873-04;97.62811919;6.004904157;8.523089771
1873-05;99.97949363;6.186849853;8.760579392
1873-06;101.581306;6.425323572;9.077044411
1873-07;101.3773275;6.476318203;9.128039042
1873-08;101.3773275;6.527312835;9.179033674
1873-09;93.62614347;6.578307466;9.230028305
1873-10;87.45444978;6.783459708;9.496843591
1873-11;87.02195519;7.054378794;9.854590223
1873-12;92.97594322;6.941642819;9.676229385
1874-01;96.51666871;6.834871389;9.527396482
1874-02;99.41631112;6.834871389;9.527396482
1874-03;97.96648991;6.834871389;9.527396482
1874-04;96.76229385;6.941642819;9.676229385
1874-05;94.98024625;6.996312782;9.752435999
1874-06;96.84369992;7.165565241;9.988363669
1874-07;96.06879212;7.108229013;9.908440443
1874-08;97.06083826;7.165565241;9.988363669
1874-09;98.58080665;7.165565241;9.988363669
1874-10;99.97652501;7.283058113;10.15214161
1874-11;101.6923286;7.343209721;10.23598931
1874-12;101.024764;7.343209721;10.23598931
1875-01;101.024764;7.287579344;10.05129646
1875-02;100.8022425;7.231948968;9.864378392
1875-03;102.1373716;7.176318591;9.679685541
1875-04;102.6249098;7.062359382;9.417214839
1875-05;101.1391765;7.183822939;9.464545308
1875-06;100.7965066;7.24906383;9.43528943
1875-07;101.0266356;7.191531578;9.244282351
1875-08;100.6273874;7.073580518;8.974320057
1875-09;100.5663776;7.076467072;8.859966904
1875-10;98.95547451;7.01893482;8.668959825
1875-11;101.4335072;7.021426983;8.548732423
1875-12;102.3157205;7.023962504;8.428755005
1876-01;105.3390912;7.085589093;8.344462088
1876-02;106.756209;7.085589093;8.188579128
1876-03;106.5200227;7.085589093;8.030334305
1876-04;103.4113905;7.1482528;7.941708861
1876-05;103.2539621;7.410571446;8.070112305
1876-06;105.4148193;7.620348386;8.128371611
1876-07;104.1447613;7.620348386;7.958183831
1876-08;98.89341233;7.549115445;7.717712357
1876-09;91.9941835;7.47920191;7.47920191
1876-10;89.83237465;7.343245884;7.179246726
1876-11;87.32492181;7.277076817;6.954459745
1876-12;85.30248341;7.1482528;6.671702613
1877-01;83.11688963;6.808560987;6.595500791
1877-02;80.29459736;6.772152119;6.810616596
1877-03;79.76898654;6.857113196;7.171659673
1877-04;71.96380966;6.444922138;7.017695317
1877-05;70.67847792;6.111043907;6.93081809
1877-06;69.34517031;6.223284515;7.366336773
1877-07;71.71659673;5.93360474;7.340256584
1877-08;79.72987883;5.926151977;7.667138839
1877-09;85.5271908;5.741408642;7.787197928
1877-10;87.37500048;5.498553655;7.832073306
1877-11;87.77585823;5.36348189;8.03176028
1877-12;87.50660714;5.115770879;8.077532966
1878-01;90.21356706;5.251817504;8.349612607
1878-02;89.18939487;5.281246243;8.461773721
1878-03;92.8060677;5.37072151;8.664764037
1878-04;96.4098645;5.405321833;8.781114686
1878-05;99.92245251;5.558560382;9.100721573
1878-06;104.3346797;5.660385849;9.331987481
1878-07;105.2808494;5.57262427;9.251403376
1878-08;103.2133117;5.483768127;9.175513827
1878-09;105.3074949;5.459834605;9.199447349
1878-10;105.2808494;5.496991476;9.32703617
1878-11;106.1704805;5.531879792;9.460493538
1878-12;108.0139071;5.635508197;9.70559745
1879-01;110.7954099;5.623331277;9.77351688
1879-02;113.5136838;5.608371493;9.842952042
1879-03;112.9618005;5.725461124;10.13561361
1879-04;118.0325883;5.845274335;10.43508268
1879-05;123.3550128;5.895367742;10.61980211
1879-06;125.4395867;6.01856603;10.92844884
1879-07;126.4858506;6.00181623;10.98297931
1879-08;127.425102;6.051909636;11.16769874
1879-09;127.6681565;5.899357941;10.96675515
1879-10;134.0532089;5.634244913;10.54952924
1879-11;134.0818845;5.393192231;10.1771686
1879-12;129.8746231;5.279456222;10.03096682
1880-01;131.0353223;5.256798645;9.980224549
1880-02;133.3431851;5.385013246;10.21357512
1880-03;134.6261548;5.461249676;10.35097322
1880-04;136.7379162;5.807401844;10.99974704
1880-05;129.7303426;6.119355784;11.58054086
1880-06;132.9609188;6.384344746;12.07473898
1880-07;139.0676834;6.523134849;12.33011277
1880-08;144.0641271;6.661924952;12.58271075
1880-09;142.3190314;6.731305537;12.70705637
1880-10;146.4402388;6.86867912;12.95982376
1880-11;152.5759375;6.935269889;13.07638338
1880-12;157.2426417;7.000528571;13.19330384
1881-01;168.3502769;7.207241257;13.21236907
1881-02;166.127928;7.26977967;12.96982543
1881-03;168.0126857;7.404405219;12.85673997
1881-04;165.8170854;7.464434712;12.61756053
1881-05;175.0132143;7.673656318;12.63326156
1881-06;177.1672231;7.808281867;12.5201761
1881-07;169.2827158;7.864315143;12.28432684
1881-08;162.073852;7.842283163;11.93856907
1881-09;157.2732384;7.674934036;11.38658246
1881-10;153.3236392;7.728508641;11.17642072
1881-11;155.7634153;7.926571217;11.1777236
1881-12;151.2339461;8.052389808;11.07203599
1882-01;148.9692114;8.052389808;11.05190501
1882-02;144.3485969;7.977815371;10.92711399
1882-03;144.0992901;7.977815371;10.90716945
1882-04;142.7770099;7.904609543;10.78732184
1882-05;139.7664467;7.83279561;10.66728852
1882-06;137.7793211;7.762215272;10.55176138
1882-07;146.8649177;7.83279561;10.62812454
1882-08;149.9077824;7.762215272;10.51052462
1882-09;155.5673997;7.977815371;10.78251609
1882-10;152.7437692;8.052389808;10.86317713
1882-11;147.5807471;8.128371611;10.94282028
1882-12;149.7546541;8.20573447;11.02645569
1883-01;148.9853665;8.226248806;10.96234839
1883-02;144.2785961;8.171553586;10.79549355
1883-03;147.4467913;8.269841771;10.83413379
1883-04;151.9715835;8.370087382;10.87360563
1883-05;150.8332462;8.474894005;10.91384407
1883-06;156.7041395;8.750660714;11.1739206
1883-07;157.4301254;8.951262629;11.33332055
1883-08;150.2866991;8.975989874;11.26463376
1883-09;153.5018541;9.090751758;11.31139341
1883-10;149.338151;9.112958174;11.24199836
1883-11;153.1365082;9.233065657;11.28890926
1883-12;148.2278302;9.160146809;11.10320825
1884-01;143.7865469;9.112958174;10.8950231
1884-02;147.6726698;9.068545341;10.68683794
1884-03;147.1175094;9.021356706;10.47865279
1884-04;143.4118949;9.163056449;10.48664054
1884-05;134.6263874;9.313829853;10.49506783
1884-06;129.1255242;9.264611604;10.2779285
1884-07;130.5281535;9.315495798;10.17007474
1884-08;138.7227461;9.268669554;9.950576724
1884-09;135.809274;9.320244295;9.838035645
1884-10;132.8310446;9.37296538;9.722993133
1884-11;133.0955592;9.536985239;9.714445984
1884-12;134.3162231;9.594015937;9.594015937
1885-01;131.2213793;9.414514994;9.49188609
1885-02;133.7074928;9.126989723;9.279973125
1885-03;137.1306995;9.15770082;9.392513661
1885-04;135.2446763;8.87291732;9.182401705
1885-05;136.8431855;8.894807058;9.29076535
1885-06;139.4917907;8.920986613;9.407585882
1885-07;142.9598597;8.628877631;9.189818785
1885-08;150.9733048;8.439760328;9.080835932
1885-09;150.8457736;8.353287465;9.083186369
1885-10;159.6045605;8.165135747;8.97613453
1885-11;167.9618083;7.878819175;8.76029813
1885-12;162.8035701;7.514010929;8.453262295
1886-01;166.6796571;7.638415823;8.814789557
1886-02;169.8850351;7.587129775;8.975058458
1886-03;168.3633473;7.62338856;9.245386126
1886-04;168.1181433;7.660539614;9.522316708
1886-05;168.9554241;7.798201546;9.9286554
1886-06;178.933155;7.838976315;10.22475172
1886-07;179.3889264;7.683769586;10.26521999
1886-08;178.503994;7.535727271;10.30469984
1886-09;183.1577294;7.479217627;10.47090468
1886-10;187.8114648;7.422707982;10.63710951
1886-11;192.4652003;7.369522435;10.80331435
1886-12;185.1926422;7.223826468;10.8357397
1887-01;178.8600936;7.131966096;10.65788192
1887-02;175.4887148;7.127249246;10.61168221
1887-03;179.606681;7.206440904;10.69087387
1887-04;183.7246472;7.285632562;10.77006553
1887-05;186.8923136;7.36482422;10.84925718
1887-06;183.6681606;7.532638348;11.05855417
1887-07;181.3393279;7.704488438;11.27288308
1887-08;174.6931021;7.692907249;11.21882307
1887-09;174.5269381;7.866688195;11.43508284
1887-10;166.6796571;7.853176151;11.37909197
1887-11;167.8863156;7.83997417;11.32440713
1887-12;163.0982709;7.737109627;11.14143786
1888-01;162.4683722;7.59715571;10.76085245
1888-02;163.4077553;7.63497978;10.62459894
1888-03;157.2180676;7.582367434;10.3677269
1888-04;159.6727322;7.617328579;10.22844738
1888-05;163.7683493;7.656249523;10.08268193
1888-06;160.5894388;7.692907249;9.936671864
1888-07;162.8180494;7.548548868;9.556849322
1888-08;166.3024824;7.497866206;9.29076535
1888-09;170.4204486;7.444015879;9.027849044
1888-10;167.499827;7.304244791;8.663028434
1888-11;162.1698178;7.170753202;8.303466051
1888-12;159.0749739;7.118140857;8.046594012
1889-01;167.9618083;7.346726423;8.439760328
1889-02;171.931742;7.406040886;8.651735017
1889-03;170.4166335;7.47009328;8.865605211
1889-04;170.0882778;7.44382482;8.973962608
1889-05;179.0523618;7.599628438;9.312742201
1889-06;182.0814431;7.572703271;9.423808515
1889-07;178.3792326;7.545778104;9.53487483
1889-08;180.7351847;7.515487291;9.64930679
1889-09;182.8253198;7.396115209;9.639880497
1889-10;179.501223;7.369522435;9.749575688
1889-11;177.8391747;7.339605564;9.862594977
1889-12;174.6852582;7.223826468;9.850672457
1890-01;181.0717493;7.404420976;10.07001253
1890-02;179.0523618;7.404420976;10.03972171
1890-03;177.7061034;7.404420976;10.01279655
1890-04;181.4083139;7.404420976;9.98587138
1890-05;186.8142358;7.31301279;9.832678106
1890-06;185.4845971;7.31301279;9.806085333
1890-07;184.1549585;7.31301279;9.779492559
1890-08;173.4109509;7.051831645;9.401373734
1890-09;168.5198488;6.968865929;9.265424019
1890-10;160.9174496;6.968865929;9.240082689
1890-11;152.7921707;7.13678929;9.433537843
1890-12;149.2237761;7.13678929;9.407585882
1891-01;158.9241823;7.223826468;9.660226122
1891-02;158.9557615;7.13678929;9.676837478
1891-03;154.1786828;7.051831645;9.696268512
1891-04;157.4330167;6.968865929;9.715232638
1891-05;158.666212;7.051831645;9.962314888
1891-06;159.252538;7.223826468;10.34320608
1891-07;158.5594137;7.31301279;10.61051674
1891-08;163.8779684;7.31301279;10.74680471
1891-09;179.3889264;7.404420976;11.02249032
1891-10;179.3889264;7.404420976;11.16384744
1891-11;178.933155;7.498151258;11.44490542
1891-12;184.3863559;7.498151258;11.58805194
1892-01;192.6723588;7.752352442;11.97645788
1892-02;193.0220364;7.808300858;12.06387728
1892-03;200.3232723;8.077551302;12.47532923
1892-04;202.6665893;8.248566571;12.73488443
1892-05;202.6665893;8.306783186;12.82584789
1892-06;201.5750278;8.368638339;12.91681135
1892-07;196.2702317;8.208630448;12.66545268
1892-08;196.5188125;8.157978461;12.58839368
1892-09;191.623326;8.217423653;12.67581308
1892-10;195.4697797;8.276868845;12.76323248
1892-11;189.8395568;8.121861113;12.52532085
1892-12;185.447089;8.077550156;12.45288982
1893-01;181.9881269;7.811540278;11.70433444
1893-02;176.6163289;7.747398676;11.2733145
1893-03;174.3569025;7.962626902;11.24618439
1893-04;176.509536;8.087527327;11.07921438
1893-05;162.8972615;8.218907284;10.911424
1893-06;159.1346159;8.457262668;10.87362343
1893-07;148.0883698;8.708162987;10.83383337
1893-08;150.4858615;9.099230892;10.94342037
1893-09;154.8196593;8.768390315;10.1855039
1893-10;157.354921;8.682494864;9.731527671
1893-11;164.064042;8.946336819;9.66434138
1893-12;160.4595438;9.096346021;9.460199861
1894-01;161.5510795;9.225613731;9.412594147
1894-02;166.1017008;9.226608173;9.226608173
1894-03;175.9890657;9.365271788;9.170161959
1894-04;178.3303836;9.236499301;8.846279643
1894-05;171.6966494;9.103824617;8.51849513
1894-06;169.3553315;8.97505213;8.194612814
1894-07;165.8433546;8.846279643;7.870730498
1894-08;167.2393836;8.468152918;7.330470036
1894-09;167.5344528;8.227138309;6.918275396
1894-10;166.9360873;8.335265005;6.796683555
1894-11;166.9360873;8.204485582;6.473581451
1894-12;167.7944529;8.194612814;6.243514525
1895-01;165.8433546;8.128275473;6.536179269
1895-02;163.5020366;8.065840327;6.828844012
1895-03;163.5020366;7.999502986;7.121508755
1895-04;163.4208837;7.602623719;7.105255812
1895-05;170.03427;7.439460361;7.284548444
1895-06;171.0113052;7.277076816;7.459003737
1895-07;174.0914869;7.314055476;7.837805288
1895-08;179.1272386;7.35580957;8.227138309
1895-09;180.2491211;7.292236229;8.507608933
1895-10;177.6313953;7.228662887;8.788079557
1895-11;171.648022;7.168829154;9.068550182
1895-12;163.826335;7.205324919;9.480690683
1896-01;164.2435698;7.277490258;9.489201093
1896-02;173.6477477;7.347836157;9.494044275
1896-03;170.9162101;7.316618584;9.365271788
1896-04;175.0136086;7.392543151;9.372335104
1896-05;176.8221114;7.466715523;9.375590589
1896-06;176.2374466;7.547205467;9.383012203
1896-07;164.8146491;7.514568903;9.248386375
1896-08;155.4316369;7.477852769;9.109680978
1896-09;163.590778;7.445216204;8.97505515
1896-10;162.3429401;7.194563956;8.580418323
1896-11;168.4746688;6.954388154;8.204485582
1896-12;162.320343;6.923616525;8.077552612
1897-01;167.0944408;7.12725103;8.643771666
1897-02;165.5106072;7.12725103;8.976376714
1897-03;165.9065656;7.12725103;9.305022178
1897-04;163.1585846;7.23363183;9.777459024
1897-05;166.4464773;7.343226941;10.26827901
1897-06;174.1976613;7.343226941;10.60688336
1897-07;181.9488453;7.343226941;10.94548771
1897-08;185.3543375;7.023953841;10.79737793
1897-09;188.8553584;6.826097292;10.80798738
1897-10;185.3990647;6.923616525;11.28164848
1897-11;178.8600936;6.923616525;11.60475059
1897-12;182.7065472;6.923616525;11.92400624
1898-01;187.7069369;6.989006236;12.05093921
1898-02;184.6838545;6.951242409;12.01013896
1898-03;176.3408467;7.015711105;12.13528407
1898-04;173.3070257;7.080179802;12.26042919
1898-05;172.5335791;6.671062207;11.57427522
1898-06;191.8891794;7.205324919;12.5145117
1898-07;195.3998441;7.373651599;12.82022993
1898-08;202.708106;7.435194857;12.95100936
1898-09;202.3234607;7.500584569;13.07794232
1898-10;198.0923617;7.56597428;13.20487529
1898-11;204.6313328;7.627517538;13.33565472
1898-12;214.2636094;7.584552546;13.27296696
1899-01;230.5703974;7.614890756;13.68253279
1899-02;232.7367123;7.439460361;13.70970459
1899-03;236.0562534;7.468967392;14.10804952
1899-04;235.7772889;7.397148584;14.31037156
1899-05;225.9532352;7.42989543;14.70697225
1899-06;217.914384;7.359546742;14.89859462
1899-07;222.486833;7.291049401;15.08517413
1899-08;225.1923759;7.227836039;15.27042089
1899-09;214.3916437;6.983715239;15.06126539
1899-10;210.7477322;6.924093474;15.23433528
1899-11;212.1178136;6.86920226;15.40645172
1899-12;195.2885069;6.812389777;15.57117663
1900-01;197.883703;7.055689412;15.57117663
1900-02;199.0539751;7.212100546;15.3858145
1900-03;200.6566641;7.452503898;15.3858145
1900-04;203.2209665;7.692907249;15.3858145
1900-05;198.3268721;8.126804777;15.76107593
1900-06;194.792068;8.476446643;15.95566427
1900-07;192.4164687;8.6193384;15.76107593
1900-08;197.4513453;8.975061152;15.95566427
1900-09;190.4463342;9.111872022;15.76107593
1900-10;199.778213;9.47367566;15.95566427
1900-11;215.4014676;9.722982915;15.95566427
1900-12;231.2198732;10.09693769;16.15510031
1901-01;235.0136383;10.02879981;16.01217391
1901-02;244.0093276;10.20800401;16.26616663
1901-03;252.760007;10.26521999;16.32338261
1901-04;277.4315965;10.4531045;16.58795553
1901-05;263.4577692;10.50763651;16.64248754
1901-06;289.7012986;10.56557677;16.7004278
1901-07;266.8957197;10.49071827;16.54888088
1901-08;267.2573765;10.41439503;16.39776913
1901-09;262.6845988;10.34320608;16.25360955
1901-10;259.7293971;10.39902656;16.30943003
1901-11;262.1148067;10.3256365;16.16482774
1901-12;254.8275526;10.25720967;16.0268901
1902-01;263.4124047;10.40673638;16.57032713
1902-02;265.6832013;10.43593234;16.9239226
1902-03;266.0076008;10.4618843;17.27427408
1902-04;271.8160561;10.36298714;17.41481879
1902-05;267.9845716;10.26957425;17.55520681
1902-06;263.3034663;10.17522313;17.68923406
1902-07;269.2520583;10.20026984;18.02736455
1902-08;279.7049371;10.3487659;18.58469837
1902-09;277.079153;10.25349408;18.70675638
1902-10;250.8130662;9.608159819;17.80275242
1902-11;249.2856894;9.959326328;18.73273045
1902-12;240.8310607;9.872577643;18.84764823
1903-01;250.3151325;9.814365183;18.39490755
1903-02;248.8357286;9.861706107;18.1463677
1903-03;247.2211765;10.24988789;18.51099156
1903-04;237.1242721;10.30190225;18.25703911
1903-05;237.9436794;10.59162457;18.41871929
1903-06;224.7941603;10.64484882;18.15885975
1903-07;214.4623953;10.69807306;17.8990002
1903-08;207.5745519;10.74816647;17.63600982
1903-09;200.2363971;10.67721128;17.17638337
1903-10;195.9904517;10.85461495;17.11629073
1903-11;198.9294456;11.03298183;17.05154786
1903-12;208.115678;11.08683216;16.78863156
1904-01;206.7355692;10.72982363;16.30054256
1904-02;196.6452647;10.38589529;15.83145646
1904-03;198.2664881;10.40287129;15.91027374
1904-04;205.4976317;10.42033925;15.99105818
1904-05;205.8983115;10.55783188;16.25963128
1904-06;206.2150782;10.45329889;16.15509829
1904-07;214.7677773;10.3487659;16.0505653
1904-08;219.4717359;10.12199889;15.75750709
1904-09;226.5425699;9.903500322;15.47421925
1904-10;239.8503984;9.801370475;15.37208941
1904-11;247.1679712;9.478301758;14.92386293
1904-12;249.5882206;9.37846647;14.82402765
1905-01;255.0337817;9.42989677;15.27782441
1905-02;266.2274353;9.478301758;15.73162117
1905-03;276.8999564;9.637954284;16.36922394
1905-04;273.5343216;9.68996864;16.82817415
1905-05;263.0617273;9.850887977;17.48586776
1905-06;266.1565712;9.903500322;17.95009433
1905-07;274.5126496;9.956112668;18.41432091
1905-08;281.4894584;9.89190673;18.66397496
1905-09;285.6540874;10.05824251;19.34277407
1905-10;289.6773844;10.11085486;19.80700064
1905-11;284.8550933;10.04489013;20.04082557
1905-12;288.6147423;9.983528823;20.26958882
1906-01;298.5982711;10.1589969;20.4964872
1906-02;296.4805529;10.3374903;20.72338559
1906-03;289.2198047;10.51295838;20.95028397
1906-04;285.2868994;10.68842646;21.17718235
1906-05;274.6371599;10.74615118;21.16620813
1906-06;278.2271881;10.91966921;21.39058489
1906-07;280.3928529;11.475681;22.36024682
1906-08;294.3628347;11.39634942;22.08477588
1906-09;300.0665265;11.443215;22.06371519
1906-10;284.7620927;11.36414395;21.80346959
1906-11;287.4924788;11.41284342;21.78631322
1906-12;281.8554649;11.45753922;21.76932452
1907-01;276.7802717;11.67630581;21.7631517
1907-02;262.4494362;11.52680191;21.06681058
1907-03;239.1761313;11.7439777;21.05322832
1907-04;240.3218852;11.8385024;20.81548438
1907-05;227.1805341;11.68717637;20.14614539
1907-06;217.6228818;11.65836867;19.70819465
1907-07;225.950288;11.74997013;19.47780308
1907-08;209.0178954;11.8443474;19.24463571
1907-09;206.7972537;11.93594887;19.01424413
1907-10;182.4321174;11.90479465;18.59214064
1907-11;179.0240503;12.50876845;19.14268366
1907-12;192.280262;12.87721694;19.31582541
1908-01;202.6783283;12.92111328;19.32989079
1908-02;197.4515529;12.96299361;19.34726049
1908-03;205.5291164;12.86426784;19.14681725
1908-04;214.2176784;12.62523251;18.73812925
1908-05;225.7570285;12.52463305;18.54284794
1908-06;226.0529093;12.42699239;18.34460782
1908-07;231.7899049;12.19530977;17.94908443
1908-08;241.7404816;12.095804;17.75592617
1908-09;239.1065054;11.99922487;17.55984128
1908-10;239.4323061;11.77474231;17.17716895
1908-11;252.9251783;11.55206392;16.80534565
1908-12;255.9307137;11.33690869;16.4385176
1909-01;259.5132634;11.55206392;17.04308959
1909-02;249.4119912;11.52680191;17.28878575
1909-03;252.8130638;11.62033141;17.71391983
1909-04;258.7047523;11.47238993;17.76513321
1909-05;264.5815197;11.44871436;17.99593929
1909-06;266.5319408;11.42279746;18.22208167
1909-07;270.33954;11.51254802;18.63003872
1909-08;274.0976187;11.48894439;18.84757692
1909-09;271.6521061;11.46323902;19.06096721
1909-10;267.4218559;11.32687098;19.08288903
1909-11;263.5554889;11.3059609;19.28770523
1909-12;264.1220783;11.2828849;19.48861937
1910-01;260.9665351;11.45612022;19.61132444
1910-02;251.6463017;11.52084406;19.5466006
1910-03;252.9955664;11.36701968;19.11437387
1910-04;244.5913404;11.32367317;18.87278861
1910-05;245.1463173;11.6034214;19.16808286
1910-06;235.5947887;11.77973943;19.28770523
1910-07;223.6856015;11.84446328;19.22298138
1910-08;231.3473533;12.02483418;19.34429847
1910-09;235.1997747;12.20874251;19.46799482
1910-10;253.4773151;12.64666862;19.98989556
1910-11;258.4271721;12.97687465;20.33275011
1910-12;251.2100867;13.0462697;20.26335506
1911-01;257.3168513;13.0462697;19.93858622
1911-02;270.1114872;13.46260859;20.24260742
1911-03;264.1499725;13.32086771;19.69787885
1911-04;271.5922118;13.755209;19.99773257
1911-05;277.4454922;13.755209;19.65824231
1911-06;283.0061086;13.755209;19.31582541
1911-07;278.8069054;13.60739829;18.76952407
1911-08;257.1908022;13.18208037;17.85751186
1911-09;240.6620389;13.0462697;17.3487629
1911-10;242.0499399;13.0462697;17.02399405
1911-11;254.3861042;13.18208037;16.87586758
1911-12;258.1980954;13.32086771;16.72194032
1912-01;255.7884532;13.20451796;16.80575013
1912-02;250.9325065;13.09345833;16.88520395
1912-03;252.9333724;12.85064715;16.79423199
1912-04;253.1499259;12.49383315;16.54317607
1912-05;252.885953;12.5175907;16.78339133
1912-06;255.3903019;12.66288032;17.19485853
1912-07;255.6568889;12.68420727;17.44011853
1912-08;258.9573277;12.58358391;17.50931656
1912-09;257.7497066;12.4823007;17.57978476
1912-10;257.2268878;12.50321346;17.82028144
1912-11;254.3513839;12.52674031;18.05816403
1912-12;247.6064968;12.67069493;18.47809678
1913-01;243.1107781;12.54765306;18.14704324
1913-02;234.4842666;12.54765306;17.99281167
1913-03;230.0403061;12.54765306;17.8411942
1913-04;229.7788967;12.54765306;17.68957672
1913-05;225.8092461;12.67701031;17.71612191
1913-06;212.2644643;12.54765306;17.38372768
1913-07;212.9668371;12.42090909;17.05804848
1913-08;218.6597538;12.42090909;16.90537481
1913-09;218.5226063;12.2967;16.58773594
1913-10;211.6057125;12.2967;16.43915081
1913-11;204.1840656;12.1749505;16.12673651
1913-12;205.969725;12.2967;16.13941875
1914-01;214.4237063;12.16860938;15.903732
1914-02;219.4360606;12.16214015;15.82889602
1914-03;215.2957576;12.03275568;15.5908286
1914-04;212.2644643;12.02483418;15.509422
1914-05;211.4142235;11.77398674;15.11728144
1914-06;210.3791477;11.64460227;14.87921402
1914-07;196.7472;11.40006563;14.49473513
1914-08;192.8894118;11.05095588;13.98197077
1914-09;192.8894118;10.92537684;13.75090533
1914-10;194.7992079;10.90672649;13.65369969
1914-11;192.8894118;10.67421875;13.29128603
1914-12;186.4289295;10.65308168;13.1895297
1915-01;189.7263119;10.67337327;13.95046411
1915-02;189.0617625;10.80316331;14.8585125
1915-03;195.8880871;10.93298769;15.7849053
1915-04;208.5315375;10.84415231;16.3956
1915-05;201.6476176;10.7596125;16.99420173
1915-06;203.9304208;10.77990408;17.75513614
1915-07;203.1694864;10.80019567;18.51607054
1915-08;211.7934097;10.8230237;19.27700495
1915-09;219.6563985;10.84331528;20.03793936
1915-10;229.5584926;10.75710092;20.59496324
1915-11;235.2887985;10.67504782;21.14117112
1915-12;235.7862379;10.69494539;21.8873301
1916-01;229.8241406;10.85814375;23.01197344
1916-02;226.621875;11.12664141;24.34460859
1916-03;223.731625;11.28417411;25.42293929
1916-04;219.204145;11.43873449;26.51234257
1916-05;221.9439428;11.59280012;27.557441
1916-06;222.02375;11.74164063;28.58318576
1916-07;218.9400868;11.99782188;29.86409201
1916-08;218.5766628;12.14393136;30.85926433
1916-09;223.4085135;12.17437922;31.57260811
1916-10;226.2556527;12.20374928;32.23802987
1916-11;227.4443967;12.23432543;32.88030652
1916-12;216.4289871;12.36737069;33.78942349
1917-01;209.543125;12.49814167;33.0408125
1917-02;192.7763906;12.41838609;31.766475
1917-03;198.7539531;12.64894922;31.33950625
1917-04;186.4430208;12.26620223;29.42018006
1917-05;177.325459;12.29269717;28.54019238
1917-06;178.1445;12.31640625;27.68728125
1917-07;175.9244678;12.72500303;27.69959766
1917-08;168.0943125;12.74403188;26.85961875
1917-09;156.4053947;12.66459939;25.86852773
1917-10;145.7386667;12.68192069;25.08678611
1917-11;133.5937778;12.88876333;24.68828194
1917-12;127.1556569;12.90255931;23.93518248
1918-01;131.9333438;12.44308929;22.98311786
1918-02;134.9948005;12.1731516;22.38406383
1918-03;133.21425;12.07711607;22.10478214
1918-04;130.0751276;11.72660651;21.34242386
1918-05;131.4474828;11.30731034;20.47683233
1918-06;129.8333546;10.97919643;19.77998087
1918-07;127.4119992;10.51870033;18.84883237
1918-08;126.0944075;10.14743912;18.08240381
1918-09;123.0322691;9.790366242;17.34526553
1918-10;125.8490391;9.446683594;16.61975859
1918-11;126.6761273;9.11565184;15.93667408
1918-12;122.6564773;8.849897727;15.370875
1919-01;121.8801705;8.798661477;15.29324432
1919-02;124.6116204;8.907833218;15.49738426
1919-03;126.8409604;8.747652439;15.23028773
1919-04;128.7042328;8.53988634;14.87998877
1919-05;135.973125;8.387283173;14.62810096
1919-06;139.6112019;8.337259615;14.55230769
1919-07;140.0163039;8.049097091;14.06052263
1919-08;128.3800953;7.863461758;13.7498411
1919-09;129.6737676;7.77179073;13.60063378
1919-10;134.0351623;7.596269441;13.30444061
1919-11;127.2597669;7.384943818;12.94753885
1919-12;120.9067063;7.183918651;12.60574405
1920-01;117.2062403;7.012463957;12.20112979
1920-02;106.41375;6.91952125;11.93279125
1920-03;112.7457582;6.827165292;11.67120162
1920-04;108.5299877;6.603923553;11.18994652
1920-05;100.2340231;6.487852336;10.89143392
1920-06;97.07921053;6.37388756;10.60271681
1920-07;97.42277344;6.383593359;10.52067422
1920-08;95.91022167;6.520633097;10.64224868
1920-09;100.8073219;6.596667188;10.66354453
1920-10;101.4426256;6.607931438;10.57809714
1920-11;96.77958333;6.620603314;10.4904928
1920-12;89.92754188;6.734661727;10.56417526
1921-01;95.86572039;6.819814539;10.21354194
1921-02;98.29563179;6.985115931;9.954869226
1921-03;96.31295082;6.964490266;9.414310963
1921-04;97.80179213;6.982000587;8.916805939
1921-05;103.0514407;7.080444492;8.503191208
1921-06;95.34018111;7.059540128;7.932885298
1921-07;94.51206568;6.958866949;7.272942267
1921-08;93.35418432;6.89952553;6.657817797
1921-09;96.76331786;6.91689375;6.111752679
1921-10;98.08082143;6.85541025;5.489598214
1921-11;103.944806;6.834444612;4.895417565
1921-12;108.2476842;6.81175578;4.294367775
1922-01;110.6581731;7.036647115;4.900792788
1922-02;113.0835577;7.098797596;5.407091827
1922-03;118.7331063;7.248241954;5.982675898
1922-04;125.9429978;7.312670771;6.493504379
1922-05;130.85186;7.375565569;7.005866879
1922-06;129.6246445;7.439994386;7.516695359
1922-07;129.7680022;7.459754018;7.97974096
1922-08;136.2699059;7.612904255;8.591331438
1922-09;139.8194051;7.677721197;9.105237199
1922-10;142.0502021;7.696175636;9.561543301
1922-11;134.1901786;7.712885491;10.01394208
1922-12;133.0929808;7.730913462;10.45947115
1923-01;135.715067;7.802853906;10.8907529
1923-02;141.5096429;7.827252121;11.258251
1923-03;143.7969754;7.853175223;11.627274
1923-04;137.94375;7.832476442;11.92531298
1923-05;131.4255288;7.856730288;12.29063654
1923-06;125.6795074;7.836132353;12.58302022
1923-07;120.0477253;7.770334775;12.79714709
1923-08;121.3490132;7.839745504;13.23303498
1923-09;121.3882086;7.819485828;13.51653979
1923-10;118.9095629;7.799460368;13.79676709
1923-11;122.4635224;7.823153432;14.15364386
1923-12;126.6098085;7.848327312;14.51200145
1924-01;130.7560947;7.873501192;14.44980715
1924-02;132.1120749;7.943108176;14.4727512
1924-03;130.3378289;8.015027412;14.49446546
1924-04;128.090625;8.087792757;14.51643518
1924-05;127.6385404;8.111903934;14.45465029
1924-06;130.0496581;8.137522059;14.39135846
1924-07;135.2816776;8.115402522;14.24427675
1924-08;140.7489926;8.18725136;14.26628173
1924-09;138.5775768;8.164841009;14.11993147
1924-10;135.9845821;8.142691243;13.97528296
1924-11;143.5806541;8.166522057;13.9142165
1924-12;150.4509538;8.144490607;13.77159321
1925-01;156.6703829;8.206684899;14.16697121
1925-02;158.9217406;8.315464644;14.6455246
1925-03;153.8568316;8.329592666;14.95624639
1925-04;153.1129797;8.440576417;15.44534629
1925-05;157.1146279;8.452500434;15.74107912
1925-06;158.1004286;8.417383929;15.95643214
1925-07;160.6560381;8.383061017;16.16691843
1925-08;162.8270657;8.442402436;16.54322987
1925-09;166.5901801;8.503191208;16.93401483
1925-10;172.0901165;8.563979979;17.32479979
1925-11;174.4878958;8.479599375;17.40609271
1925-12;178.3250489;8.587081006;17.88975209
1926-01;181.0442912;8.694419518;17.87544029
1926-02;181.3305272;8.801758031;17.86112849
1926-03;169.9719417;8.959147647;17.96147191
1926-04;164.2994832;9.016435056;17.84681669
1926-05;166.3738904;9.175030723;17.9326875
1926-06;175.2742903;9.335418432;18.0195286
1926-07;184.7432786;9.551900893;18.21082714
1926-08;193.1665517;9.717219828;18.30076401
1926-09;194.9905286;9.771484821;18.18154929
1926-10;189.515902;9.825133168;18.07824503
1926-11;190.9056886;9.878175318;17.96163453
1926-12;195.2477436;9.986726695;17.94716102
1927-01;196.1616429;10.19894154;17.99124321
1927-02;201.1170043;10.35472834;17.9326875
1927-03;205.3892449;10.51379697;17.88826301
1927-04;210.424021;10.61301167;17.72537319
1927-05;216.4289871;10.64918955;17.46154957
1927-06;216.7351598;10.62569957;17.10300959
1927-07;225.3802673;10.90917496;17.23670376
1927-08;238.7549673;11.07090251;17.17308031
1927-09;250.8503107;11.10612355;16.9257323
1927-10;245.5806466;11.14093976;16.66650431
1927-11;252.6272905;11.30307215;16.59995267
1927-12;258.5505564;11.40228685;16.43706286
1928-01;259.5871279;11.50150155;16.77765065
1928-02;259.4771491;11.73489901;17.30347039
1928-03;273.4098136;11.83527412;17.63306031
1928-04;290.6383772;11.93564923;17.97763158
1928-05;297.8851744;11.96455803;18.20078416
1928-06;284.9454605;12.13490132;18.65179276
1928-07;287.0428509;12.23527643;18.99636404
1928-08;296.3312939;12.3341534;19.32595395
1928-09;313.4888475;12.29077673;19.42831214
1928-10;321.7159884;12.46202627;19.88383539
1928-11;343.4616061;12.56032838;20.21150908
1928-12;346.8184759;12.7341557;20.67427632
1929-01;372.4366009;12.8839693;20.95892215
1929-02;374.3841776;13.03378289;21.24356798
1929-03;383.217011;13.26114706;21.66991985
1929-04;383.2107692;13.49120192;22.08615865
1929-05;386.6829926;13.56253676;22.24256029
1929-06;391.7625548;13.63303728;22.39713268
1929-07;421.7365318;13.62351156;22.41956142
1929-08;445.7257587;13.77159321;22.70091655
1929-09;463.4955564;13.91967486;22.98227168
1929-10;414.4805311;14.0677565;23.27843497
1929-11;304.7520303;14.21583815;23.5597901
1929-12;318.7371366;14.44743096;23.97975654
1930-01;325.245318;14.54390395;23.32597697
1930-02;347.6530257;14.64301886;22.6494364
1930-03;362.8981731;14.74179087;21.98004808
1930-04;383.6690956;14.66713004;21.05207096
1930-05;362.8981731;14.76756058;20.35807212
1930-06;328.1559821;14.86766183;19.67106027
1930-07;325.0106702;15.05913637;19.09013291
1930-08;322.788375;15.16437739;18.36741932
1930-09;320.6895407;15.0853718;17.43884413
1930-10;278.2283636;15.1892192;16.72164886
1930-11;259.6178277;15.29589512;15.98008651
1930-12;246.7932415;15.5936413;15.43452252
1931-01;257.4702123;15.57549776;15.1453066
1931-02;280.6571656;15.55526023;14.84872213
1931-03;287.8754688;15.4365625;14.45125
1931-04;262.1312661;15.31633319;14.04864919
1931-05;239.9396936;15.2921788;13.72997549
1931-06;235.3135058;15.26908113;13.4028601
1931-07;243.1177028;15.04343804;12.89389073
1931-08;235.8224752;14.81609839;12.38492136
1931-09;202.0416125;14.687725;11.955125
1931-10;176.232068;14.55762848;11.51955956
1931-11;181.0696046;14.52216569;11.15346939
1931-12;148.0938185;14.38826199;10.70346318
1932-01;148.6926136;14.2117892;10.62883466
1932-02;149.5299069;13.93008258;10.47799481
1932-03;151.1469375;13.54100893;10.24725
1932-04;115.7423201;13.1463371;10.01318512
1932-05;103.0334808;12.84085141;9.848953604
1932-06;89.85180607;12.43232537;9.606796875
1932-07;94.37265165;11.9293813;9.292221369
1932-08;142.8922083;11.51297514;9.046044583
1932-09;157.9147108;11.08844216;8.794281716
1932-10;137.1436466;10.65752523;8.538732942
1932-11;136.8240767;10.22202003;8.281252983
1932-12;133.3706966;9.777910305;8.01788645
1933-01;140.8003924;9.830210756;8.191842297
1933-02;126.0734498;9.884158465;8.371277067
1933-03;126.6673958;9.86094494;8.488545387
1933-04;140.0864137;9.759285714;8.539375
1933-05;180.3434673;9.657626488;8.590204613
1933-06;209.584503;9.480723425;8.572994587
1933-07;219.6118655;9.093456584;8.360113311
1933-08;207.0798438;8.927528409;8.345298295
1933-09;205.3331534;8.830490057;8.393817472
1933-10;185.3432528;8.733451705;8.442336648
1933-11;189.807017;8.636413352;8.490855824
1933-12;193.4944744;8.539375;8.539375
1934-01;204.5568466;8.554901136;8.620887216
1934-02;218.0429887;8.507914145;8.635041682
1934-03;206.8711748;8.523323543;8.715941024
1934-04;210.3382895;8.538732942;8.796840367
1934-05;188.9577491;8.556068515;8.875813534
1934-06;190.0329571;8.50751166;8.889871735
1934-07;181.0474953;8.522806063;8.970167351
1934-08;173.973834;8.540012267;9.048551166
1934-09;167.2712868;8.429493336;8.994599035
1934-10;169.8386806;8.507115139;9.140926528
1934-11;174.5827778;8.524193889;9.218729722
1934-12;177.0327146;8.603101679;9.367821828
1935-01;174.4292923;8.476585478;10.73700827
1935-02;167.9202646;8.414712591;12.15458485
1935-03;157.2616286;8.414712591;13.65053376
1935-04;167.8172826;8.291863072;14.04665927
1935-05;180.9976223;8.229971167;14.54168312
1935-06;189.2375365;8.227718978;15.14648266
1935-07;199.148198;8.227718978;14.83482041
1935-08;212.6117381;8.227718978;14.52317685
1935-09;217.0995849;8.227718978;14.2115146
1935-10;222.8963869;8.414712591;14.2115146
1935-11;242.0727174;8.539375;14.10853261
1935-12;242.0727174;8.725013587;14.10853261
1936-01;255.4386957;8.910652174;14.2941712
1936-02;270.104144;9.096290761;14.47980978
1936-03;277.8725091;9.349680657;14.77249544
1936-04;278.2464964;9.661342912;15.33347628
1936-05;263.4740009;9.972986468;15.89445712
1936-06;272.7030842;10.21012228;16.33619565
1936-07;286.7755576;10.50527428;16.58727518
1936-08;290.3997455;10.79620982;16.83476786
1936-09;293.6935045;11.16218304;17.20074107
1936-10;309.0643795;11.83314003;17.68871146
1936-11;317.66475;12.50407872;18.17666354
1936-12;312.1751518;13.17503571;18.66463393
1937-01;319.5906516;13.26328457;19.07732713
1937-02;329.0384707;13.4449734;19.62239362
1937-03;326.3604798;13.53069982;20.02543574
1937-04;304.7302841;13.97352273;20.24369318
1937-05;289.0934245;14.41019531;20.45891927
1937-06;278.2413021;14.94390625;20.81472656
1937-07;292.7533319;14.42860503;20.96569682
1937-08;295.7568362;14.01634756;21.26004025
1937-09;252.145518;13.51092894;21.40692637
1937-10;215.4729966;13.68639555;20.88052654
1937-11;197.877931;13.95746121;20.4945
1937-12;196.0498177;14.23229167;20.10311198
1938-01;204.0429533;14.31246758;19.42413144
1938-02;200.5844681;14.29286067;18.59276302
1938-03;187.3211835;14.17172872;17.62381649
1938-04;178.4248283;13.83138806;16.29697022
1938-05;181.3254521;13.68721912;15.20130482
1938-06;185.5042952;13.4449734;13.99003989
1938-07;222.3871277;12.9604638;13.08159574
1938-08;223.6589495;12.47597237;12.1731516
1938-09;213.484375;11.99146277;11.26470745
1938-10;238.9805089;11.16218304;11.46716681
1938-11;239.1634955;10.24725;11.58914569
1938-12;232.2100045;9.332316964;11.71114286
1939-01;228.7332589;9.3933064;12.13810551
1939-02;228.5357914;9.522330784;12.65548276
1939-03;228.3514883;9.583758993;13.08551709
1939-04;201.0465897;9.715079863;13.48974351
1939-05;208.4721332;9.776971768;13.79912878
1939-06;212.1849049;9.838845109;14.10853261
1939-07;217.3827853;10.0244837;14.41793644
1939-08;214.2269293;10.21012228;14.72732171
1939-09;232.0166356;10.17457447;14.71679521
1939-10;236.0527232;10.61322321;15.370875
1939-11;231.8440313;10.97919643;15.91983482
1939-12;226.354433;11.34516964;16.46879464
1940-01;226.6927608;11.48821778;17.14018435
1940-02;223.6096339;11.46716681;17.56671429
1940-03;222.3287277;11.52815625;18.11567411
1940-04;224.524567;11.65015342;18.42071278
1940-05;193.5998304;11.77213229;18.72556847
1940-06;175.6930984;11.80977394;18.8956383
1940-07;182.8036205;12.01612664;19.27452829
1940-08;186.6463393;12.13810551;19.51863242
1940-09;194.5147634;12.26010268;19.76255357
1940-10;196.3446295;12.26010268;19.57956696
1940-11;200.9192946;12.26010268;19.39658036
1940-12;191.3183378;12.1731516;19.07732713
1941-01;191.6817154;12.23370848;19.13782951
1941-02;179.6902527;12.29428354;19.19851358
1941-03;179.5072843;12.26783451;19.12338908
1941-04;172.6984091;12.24175539;19.16880682
1941-05;167.763138;12.21605628;19.21359375
1941-06;170.0904082;12.02483418;18.99575255
1941-07;178.8040561;12.08291936;19.57660432
1941-08;175.5443331;11.97805523;19.88705815
1941-09;173.7282119;11.87595199;20.18911838
1941-10;164.5922672;11.77651811;19.75776961
1941-11;155.871319;11.75550879;19.46312094
1941-12;144.7837258;11.73475403;19.17227419
1942-01;145.7132842;11.47647943;18.27535032
1942-02;140.2511274;11.29576094;17.51112342
1942-03;130.9726641;11.04781641;16.65178125
1942-04;124.7491304;10.82007764;16.23011646
1942-05;124.632964;10.53014954;15.7166411
1942-06;130.9196204;10.37298313;15.40230828
1942-07;134.9637805;10.101461;15.10011954
1942-08;133.3695114;9.833214522;14.80157816
1942-09;134.7668636;9.626204545;14.59456818
1942-10;142.9706138;9.357518713;14.87998877
1942-11;144.4069308;9.149330357;15.24888393
1942-12;144.3103846;8.943605769;15.61341346
1943-01;152.9508173;8.943605769;15.81547832
1943-02;162.0460096;8.943605769;16.01769476
1943-03;164.879444;8.787612645;15.93685683
1943-04;168.4318103;8.686605603;15.90090517
1943-05;174.0568607;8.636967857;15.95643214
1943-06;177.1310357;8.636967857;16.10282143
1943-07;181.8297953;8.735677564;16.09716357
1943-08;173.847854;8.835543231;16.09158838
1943-09;176.5294935;8.833836207;15.90090517
1943-10;174.9099569;8.882908167;15.21377995
1943-11;166.8122737;8.93199485;14.52675778
1943-12;169.0207328;8.98106681;13.83967672
1944-01;174.4682651;9.03013877;13.79060476
1944-02;173.2904203;9.079225454;13.74151808
1944-03;178.1490302;9.128297414;13.69244612
1944-04;174.0568607;9.124927263;13.56541202
1944-05;177.1310357;9.173733451;13.51660583
1944-06;184.4213885;9.17012429;13.39129261
1944-07;188.1557203;9.16655591;13.21914066
1944-08;185.4057521;9.214810615;13.12266019
1944-09;182.3663136;9.263050847;13.02616525
1944-10;186.8531038;9.263050847;13.17090042
1944-11;185.5504873;9.263050847;13.31563559
1944-12;188.5378862;9.211011236;13.3847507
1945-01;194.1508462;9.258980455;13.52867275
1945-02;200.6273385;9.306964067;13.6725948
1945-03;200.4834164;9.354933287;13.81651685
1945-04;205.5206882;9.354933287;14.00840812
1945-05;212.1009008;9.302671089;14.12098242
1945-06;213.5787327;9.199879144;14.15366022
1945-07;209.1910981;9.247053293;14.10648607
1945-08;209.8987811;9.294241596;14.05929777
1945-09;224.1939779;9.341415746;14.01212362
1945-10;233.5353936;9.341415746;13.87058702
1945-11;241.1783702;9.341415746;13.72905041
1945-12;243.9352232;9.290089286;13.51285714
1946-01;253.6475893;9.383933263;13.23133929
1946-02;255.7566402;9.530126498;13.0213674
1946-03;245.4020389;9.519303279;12.59907787
1946-04;259.8012024;9.467567935;12.25214674
1946-05;258.950777;9.416391892;11.90896622
1946-06;254.5373061;9.315681818;11.50760695
1946-07;233.5389678;8.841267783;11.08394055
1946-08;224.4756498;8.708475762;11.07581879
1946-09;189.4987776;8.664954044;11.17653493
1946-10;181.6669922;8.580433793;11.65953536
1946-11;176.6808715;8.459189066;12.0673396
1946-12;180.2801076;8.459938953;12.6303314
1947-01;181.2333401;8.499653005;13.46440988
1947-02;188.2634302;8.539378972;14.29848837
1947-03;177.3382534;8.42239726;14.85617295
1947-04;170.7875;8.578363681;15.5190858
1947-05;167.7460788;8.734341799;16.18188167
1947-06;172.8058977;8.849897727;16.76822727
1947-07;181.9810051;8.885565878;17.04032281
1947-08;176.0249833;8.88095;17.23052316
1947-09;167.7430272;8.799269022;17.26438859
1947-10;172.0869701;8.984911321;17.48715489
1947-11;169.3457873;9.130843165;17.63325487
1947-12;164.5471875;9.19625;17.62614583
1948-01;160.3024446;9.115869287;17.76330521
1948-02;153.70875;9.229796187;18.27793261
1948-03;156.5552083;9.305729167;18.7209375
1948-04;165.7643382;9.149330357;18.9444958
1948-05;173.1099242;9.11104864;19.40117416
1948-06;178.7953786;9.035438278;19.77166494
1948-07;172.3973822;8.994345201;20.26351691
1948-08;166.6746582;9.0273358;20.9127551
1948-09;164.7925102;9.097048469;21.64470153
1948-10;169.9825589;9.344316086;22.50331797
1948-11;161.8599716;9.63326188;23.4656732
1948-12;161.468597;9.885832469;24.34253371
1949-01;163.956;10.10493064;24.7641875
1949-02;158.9830699;10.36923748;25.29520746
1949-03;160.4900184;10.54863971;25.618125
1949-04;159.6041344;10.64741798;25.58243113
1949-05;159.090709;10.8357134;25.76160803
1949-06;149.7427641;10.93325837;25.72531381
1949-07;159.5457911;11.09762042;25.90640998
1949-08;164.5803072;11.12267946;25.76160803
1949-09;166.0354629;11.14763598;25.618125
1949-10;171.7603402;11.60198401;25.58212991
1949-11;173.4067201;11.91210521;25.22341212
1949-12;179.5439778;12.37485699;25.18391949
1950-01;184.0144468;12.53652926;25.47281027
1950-02;187.6118856;12.64554255;25.65442643
1950-03;188.3366393;12.70051112;25.72667638
1950-04;193.6556568;12.8090625;26.34183703
1950-05;199.3241456;12.86310918;26.84314699
1950-06;201.7158246;12.91670168;27.34035189
1950-07;184.748138;13.21650762;27.6378112
1950-08;194.2971373;13.56463905;28.0428858
1950-09;200.3253381;13.96397797;28.55790984
1950-10;206.9236357;14.3364651;28.74228659
1950-11;205.6710197;14.76236674;29.04078947
1950-12;202.3831875;15.0634575;29.10219
1951-01;213.9214296;14.99436925;28.61030183
1951-02;219.2991245;14.98540695;28.24303584
1951-03;214.7752108;15.09284884;28.10050145
1951-04;217.6547674;15.22520915;27.73638648
1951-05;216.9133132;15.29837274;27.26668596
1951-06;213.1546694;15.43022201;26.90397683
1951-07;216.9133132;15.29837274;26.21159508
1951-08;226.4088345;15.16642456;25.51921332
1951-09;230.4649713;14.91936782;24.63658764
1951-10;228.4119847;14.50386769;24.31443622
1951-11;220.374098;14.03824731;23.90374843
1951-12;226.3095495;13.63077594;23.58800943
1952-01;233.8499788;13.66296778;23.45914543
1952-02;231.3423836;13.79940272;23.50760061
1952-03;231.9268275;13.83183935;23.37775665
1952-04;230.3690483;13.87648438;23.09512784
1952-05;230.2720099;13.97352273;22.90105114
1952-06;235.68675;14.01746462;22.62128774
1952-07;240.6376685;13.91246489;22.51583723
1952-08;241.5971489;13.91246489;22.57973862
1952-09;237.7592275;13.91246489;22.64373596
1952-10;232.7699298;13.78456616;22.77163468
1952-11;240.1579284;13.65657148;22.89962936
1952-12;249.8486798;13.52867275;23.02752809
1953-01;252.1362829;13.57953242;23.21040648
1953-02;249.9942311;13.63077594;23.39466509
1953-03;250.3064168;13.57953242;23.40302397
1953-04;237.978898;13.61160324;23.65987938
1953-05;238.3349157;13.59267009;23.82706305
1953-06;228.9380947;13.57378265;23.99309468
1953-07;232.1881553;13.57378265;24.12051618
1953-08;232.277349;13.52332249;24.15789188
1953-09;221.6110664;13.52332249;24.28483968
1953-10;227.4320208;13.56811806;24.0684182
1953-11;233.3249303;13.71379182;24.03084883
1953-12;236.4676743;13.80902649;23.90390102
1954-01;242.4674582;13.87254801;24.03084883
1954-02;247.8005994;13.9359743;24.15789188
1954-03;253.038506;13.99949582;24.28483968
1954-04;264.1152215;13.9879742;24.59846627
1954-05;273.6091938;13.87254801;24.72929987
1954-06;275.7995911;13.80902649;24.95148234
1954-07;286.9420469;13.87254801;24.98319549
1954-08;292.6561269;13.9359743;25.01500386
1954-09;300.6306087;14.05173274;25.14017491
1954-10;307.60868;14.27474426;25.58629352
1954-11;319.6530224;14.49785136;26.03231655
1954-12;335.5302739;14.77599719;26.57760534
1955-01;341.575;14.83999453;27.18524423
1955-02;352.992816;14.90389592;27.79297908
1955-03;350.210323;14.96789326;28.40061798
1955-04;362.2997753;14.99984395;29.23219959
1955-05;360.7646067;15.0318906;30.06368525
1955-06;381.6812781;15.06384129;30.89526685
1955-07;408.0737896;15.16698149;31.48094761
1955-08;405.5884492;15.32623446;32.18200481
1955-09;422.2705065;15.4280158;32.76072491
1955-10;401.0331761;15.49153732;33.3321329
1955-11;428.0798211;15.55496361;33.90354089
1955-12;433.6919146;15.67676306;34.60358675
1956-01;422.0299324;15.96353312;34.82659827
1956-02;424.7064529;16.25030317;35.04970537
1956-03;453.9569986;16.53707323;35.27271688
1956-04;457.6025674;16.69777959;34.85588755
1956-05;441.5805694;16.85739042;34.44214583
1956-06;435.7906778;16.95317096;33.90634191
1956-07;456.0774224;16.95405643;33.22250077
1956-08;455.0266964;17.1413408;32.9063408
1956-09;437.939042;17.20341241;32.34989507
1956-10;430.7571273;16.83036287;32.07696668
1956-11;426.2856;16.51977804;31.92176742
1956-12;431.0527989;16.15055707;31.65137908
1957-01;421.6780503;16.11964824;31.62047025
1957-02;402.0288425;16.03056484;31.4754272
1957-03;405.7431812;15.94221448;31.33151978
1957-04;413.6546707;15.88507392;31.28046519
1957-05;428.0056741;15.82834152;31.22968379
1957-06;433.5024355;15.7720129;31.17935498
1957-07;439.1290614;15.75107332;31.10990871
1957-08;414.959311;15.84159673;31.26072071
1957-09;398.1219567;15.93212014;31.41162323
1957-10;373.3185424;16.02264355;31.10990871
1957-11;363.9758253;16.05643046;30.69962442
1957-12;363.7954159;16.14663512;30.39897227
1958-01;368.3277273;15.97397582;29.49962923
1958-02;369.5817614;15.91431963;28.81295599
1958-03;374.5761263;15.74447266;27.9308724
1958-04;375.3188279;15.57183102;27.21371756
1958-05;387.3744161;15.45357988;26.59320934
1958-06;396.6820394;15.33541739;25.97270112
1958-07;406.1797888;15.28253664;25.73588004
1958-08;422.8320285;15.33541739;25.67725057
1958-09;434.0011765;15.33541739;25.52948097
1958-10;451.6413387;15.39454296;25.55899943
1958-11;463.7764009;15.40029167;25.50036996
1958-12;474.1569226;15.51270545;25.618125
1959-01;491.3379698;15.51813505;26.17757185
1959-02;485.5033586;15.63086794;26.918267
1959-03;497.8248789;15.68999351;27.56829369
1959-04;504.4120474;15.69481177;28.32719755
1959-05;512.0091466;15.75364512;29.18107616
1959-06;505.8479253;15.75822809;29.9318299
1959-07;524.1187628;15.76277967;29.91705693
1959-08;521.1358305;15.82121005;30.00479024
1959-09;498.8102496;15.82553114;29.98981869
1959-10;496.6779337;15.82982284;29.77165957
1959-11;498.6820727;15.88785573;29.65541951
1959-12;514.6280485;15.94597577;29.53926658
1960-01;507.3787692;16.32101891;29.64008319
1960-02;486.0472832;16.58494757;29.53926658
1960-03;479.4249107;16.90447704;29.53926658
1960-04;483.9654597;16.87609182;29.06285098
1960-05;479.5365636;16.90509674;28.68648165
1960-06;495.5722424;16.87680532;28.21455659
1960-07;483.2824662;16.87680532;28.24337698
1960-08;489.0811634;16.87680532;28.27228392
1960-09;474.3680511;16.87680532;28.30110431
1960-10;461.8999518;16.76353817;28.11116401
1960-11;476.8581858;16.76353817;28.11116401
1960-12;488.2917785;16.76353817;28.11116401
1961-01;513.3941023;16.73491121;27.59536284
1961-02;534.4559836;16.70619827;27.07956166
1961-03;551.2195218;16.67757131;26.56376049
1961-04;565.9198553;16.67757131;26.39182676
1961-05;571.6796351;16.67757131;26.21989304
1961-06;564.1145512;16.67757131;26.04795931
1961-07;558.8167;16.62334513;25.93126388
1961-08;580.8202989;16.73600405;26.07505296
1961-09;574.3583625;16.737175;26.04509375
1961-10;580.6775;16.9079625;26.44362638
1961-11;606.978775;17.07875;26.84207362
1961-12;612.6147625;17.2495375;27.24060625
1962-01;589.8146313;17.30649513;27.75296875
1962-02;597.6427699;17.30568176;28.1714265
1962-03;598.2385403;17.36245017;28.68208679
1962-04;577.2560948;17.36153904;28.86984548
1962-05;534.3330112;17.41803464;29.1526628
1962-06;471.899435;17.47461507;29.43539528
1962-07;481.671479;17.47333676;29.5073453
1962-08;494.7764604;17.52964591;29.67644183
1962-09;488.7668586;17.52819079;29.74736225
1962-10;473.3454215;17.66866913;30.14065103
1962-11;505.9579688;17.80906319;30.53385554
1962-12;527.8682072;17.94954153;30.92714433
1963-01;548.2615831;18.00574972;31.03947643
1963-02;555.5088158;18.06187364;31.15189281
1963-03;551.5876291;18.05867828;31.16171926
1963-04;577.5417295;18.19869603;31.52566463
1963-05;589.1328811;18.33862979;31.88969398
1963-06;586.9564522;18.4182598;32.14823529
1963-07;576.3660892;18.38605321;32.37730456
1963-08;592.3044015;18.4139244;32.71109121
1963-09;607.9089271;18.44171213;33.04487785
1963-10;607.43236;18.57588542;33.10394075
1963-11;604.022155;18.77001758;33.27029221
1963-12;614.9179066;18.90269417;33.32843447
1964-01;633.8206007;19.0408994;33.77057512
1964-02;641.6138167;19.17902172;34.21279867
1964-03;653.3036408;19.31722694;34.65493932
1964-04;662.7549879;19.45543217;35.06947209
1964-05;669.221699;19.59355448;35.48400485
1964-06;663.0962419;19.66810887;35.78273589
1964-07;685.5113706;19.76961415;36.05211548
1964-08;677.6407258;19.99866532;36.55400673
1964-09;687.076465;20.09910772;36.82090635
1964-10;698.9382335;20.2638545;37.04059619
1964-11;701.5425;20.363125;37.14077992
1964-12;689.3903125;20.52734375;37.35976563
1965-01;707.1259375;20.66422008;37.71554555
1965-02;712.2988281;20.8010143;38.07140758
1965-03;710.6778894;20.87099641;38.30441693
1965-04;717.7154319;20.96770104;38.61752854
1965-05;728.4032484;21.13087381;39.05271032
1965-06;689.4194146;21.15927413;39.23788766
1965-07;688.3655044;21.29441785;39.61624142
1965-08;701.1745669;21.42948049;39.99451412
1965-09;724.6038014;21.56462421;40.37286788
1965-10;738.5616542;21.65822555;40.8112086
1965-11;744.703539;21.8198541;41.37690852
1965-12;738.9781781;21.91235849;41.81071344
1966-01;751.7872406;22.07347877;42.21351415
1966-02;742.045002;22.09563281;42.34996289
1966-03;709.3267757;22.18641355;42.61706776
1966-04;726.5078173;22.18125128;42.67043731
1966-05;688.2789125;22.31338688;42.98768963
1966-06;680.4616782;22.37632523;43.17128472
1966-07;676.6338;22.465125;43.16985128
1966-08;631.8354071;22.4844094;43.03633474
1966-09;609.5860264;22.64109518;43.16693234
1966-10;600.5854046;22.4515223;43.00831561
1966-11;630.6419282;22.39966311;43.11218971
1966-12;633.289394;22.34772606;43.21598594
1967-01;657.5837861;22.42559271;42.95645643
1967-02;680.2429787;22.50345935;42.69684904
1967-03;694.1735568;22.51289773;42.30872159
1967-04;703.9953625;22.44488293;41.87131609
1967-05;714.452468;22.37727786;41.43654556
1967-06;703.3829336;22.31007883;41.00438626
1967-07;713.3957504;22.29444173;40.80491766
1967-08;722.584069;22.27882152;40.60663993
1967-09;730.4977846;22.26337054;40.40954241
1967-10;727.1898628;22.19730712;40.36565096
1967-11;702.3004327;22.13163462;40.32201923
1967-12;720.1791482;22.06634956;40.27864491
1968-01;714.0019355;22.01205462;40.31789528
1968-02;679.7791941;22.02259868;40.47461502
1968-03;665.3990543;22.03308127;40.63049563
1968-04;712.4668659;22.06830185;40.83506784
1968-05;726.7379402;22.10339251;41.03852838
1968-06;741.9658682;22.07440742;41.12188941
1968-07;736.2458274;22.04575454;41.10644699
1968-08;718.1126411;22.08040833;41.20858393
1968-09;739.3493056;22.11479167;41.31013889
1968-10;753.3035057;22.08623466;41.31797156
1968-11;762.7543432;22.12038253;41.44252765
1968-12;768.54375;22.15426585;41.56630986
1969-01;734.0024579;22.16399579;41.59347261
1969-02;726.3239351;22.11173359;41.50422486
1969-03;704.6758483;21.99894391;41.30124307
1969-04;714.9080062;21.94831095;41.12076044
1969-05;736.1691964;21.95839286;41.05466404
1969-06;693.9292111;21.90839652;40.8770082
1969-07;659.3186464;21.835762;40.77089787
1969-08;652.0851385;21.76384347;40.66586543
1969-09;652.6061978;21.75123821;40.67136287
1969-10;656.0437802;21.65748046;40.20143153
1969-11;657.258615;21.56479111;39.73658111
1969-12;619.1160129;21.47301724;39.27659483
1970-01;612.0563145;21.43877867;38.8338244
1970-02;587.5988882;21.34845997;38.29235526
1970-03;594.5148642;21.25901996;37.75655596
1970-04;571.9163231;21.11552327;37.2183447
1970-05;504.7965253;21.08298682;36.8786183
1970-06;499.0912548;20.99629832;36.44640464
1970-07;497.38575;20.91049894;35.90918856
1970-08;511.837;20.93243856;35.55881144
1970-09;539.6797864;20.84740274;35.0288648
1970-10;548.5789864;20.63318899;34.35254019
1970-11;545.2261553;20.4212037;33.68311184
1970-12;579.6261699;20.21128455;33.02034705
1971-01;601.7684689;20.1469174;33.21344849
1971-02;623.5027867;20.03221805;33.32282425
1971-03;637.8913125;19.91809219;33.43165313
1971-04;658.0216646;19.84714723;33.56121312
1971-05;645.8564516;19.72741833;33.60659377
1971-06;629.2215333;19.56063732;33.56857759
1971-07;623.1435811;19.4916165;33.71691441
1971-08;610.5653125;19.42287123;33.8644613
1971-09;624.1278493;19.40196232;34.09471048
1971-10;609.3856678;19.31274654;34.57507335
1971-11;581.1368307;19.27103096;35.13879737
1971-12;618.1385538;19.13567974;35.5287865
1972-01;643.8813412;19.13567974;35.75735502
1972-02;652.5488499;19.04301301;35.81159555
1972-03;666.4425272;18.9970154;35.95200634
1972-04;671.626988;18.95123946;36.19458334
1972-05;663.2384766;18.90568359;36.43605568
1972-06;663.4910072;18.86034622;36.67630845
1972-07;655.4326969;18.79068069;36.84772921
1972-08;677.0504464;18.76631349;37.10559723
1972-09;665.7061461;18.74200119;37.36230107
1972-10;663.7698582;18.79467987;37.75088111
1972-11;695.4354216;18.89137332;38.22580729
1972-12;708.2658088;18.98755147;38.69843824
1973-01;712.015493;18.98309076;39.36934516
1973-02;681.9556818;18.89011267;39.85039676
1973-03;665.0062933;18.75507073;40.23169746
1973-04;648.0915568;18.72397027;40.79704033
1973-05;625.5724374;18.69323653;41.35471478
1973-06;607.4161765;18.66297794;41.90476103
1973-07;611.8279063;18.71724981;42.69685572
1973-08;589.6144956;18.4798702;42.81049981
1973-09;598.5119469;18.53346654;43.58481886
1973-10;616.8574836;18.57690469;44.08266949
1973-11;569.2916667;18.66009714;44.6689125
1973-12;525.5597159;18.74226461;45.2475974
1974-01;528.3600845;18.69133584;45.22572111
1974-02;507.2063096;18.56228549;45.01261962
1974-03;522.2238703;18.4364749;44.80492155
1974-04;493.4691328;18.46639844;45.29428602
1974-05;472.6702199;18.34384259;45.40274992
1974-06;469.4390702;18.29866071;45.6943699
1974-07;411.2901809;18.30606908;45.96394653
1974-08;389.5492088;18.240105;46.04432708
1974-09;344.8827421;18.17570529;46.12275074
1974-10;348.1257534;18.01455521;45.3038242
1974-11;356.8629684;17.8912508;44.58712784
1974-12;331.061203;17.76979769;43.88152818
1975-01;356.7852495;17.81629959;42.991885
1975-02;390.8593929;17.79444722;41.94867936
1975-03;407.2649929;17.84032614;41.07650024
1975-04;410.2774197;17.83743069;40.1302359
1975-05;433.8708764;17.80108161;39.11738409
1975-06;441.6258862;17.73194846;38.04482743
1975-07;437.162432;17.53565383;37.30854513
1975-08;404.3700725;17.50335981;36.92534261
1975-09;397.2686161;17.4071875;36.40964286
1975-10;413.2964173;17.26540301;36.52178696
1975-11;417.25579;17.09419191;36.56642217
1975-12;409.4284122;16.98643243;36.74239189
1976-01;446.2898539;16.97122452;37.75139426
1976-02;461.8608199;16.92572991;38.68736297
1976-03;463.3260174;16.91071221;39.68747093
1976-04;465.3274398;16.95696116;40.44407828
1976-05;458.8591593;16.94273967;41.04944064
1976-06;459.1417474;16.95847711;41.71965779
1976-07;467.4971322;17.00397439;41.94911887
1976-08;461.0369882;17.04899608;42.1761814
1976-09;469.2208659;17.12322591;42.47449544
1976-10;450.8613018;17.32948906;42.78536593
1976-11;446.9921121;17.59404239;43.24162823
1976-12;460.8621456;17.82704575;43.62124034
1977-01;454.5575;17.94000071;43.64570904
1977-02;437.8055203;17.9601262;43.44807992
1977-03;433.140063;18.04032668;43.40011765
1977-04;422.9125469;18.13195382;43.52220559
1977-05;419.5764552;18.282462;43.7874509
1977-06;419.0483742;18.40115733;43.97707784
1977-07;420.8092008;18.50665949;44.16690741
1977-08;409.1783854;18.64149748;44.42693563
1977-09;401.5036105;18.77549878;44.68568709
1977-10;389.8446489;18.9502178;44.79013088
1977-11;390.1901171;19.09286989;44.82137217
1977-12;387.0358273;19.26516002;44.92453804
1978-01;369.925725;19.31946834;44.67801
1978-02;362.4007572;19.37312665;44.43461745
1978-03;358.8961928;19.39542587;44.12459385
1978-04;371.6833128;19.39067553;44.19347063
1978-05;386.8932645;19.35590343;44.19305294
1978-06;383.7217926;19.29217696;44.1244699
1978-07;378.9688841;19.28834253;44.23045317
1978-08;403.291392;19.34296528;44.46957162
1978-09;400.2591259;19.33879511;44.57168515
1978-10;384.0809799;19.2295144;45.14020526
1978-11;359.9840681;19.20724623;45.90243475
1978-12;363.6865574;19.18521326;46.65753047
1979-01;373.9946184;19.1791987;47.46029591
1979-02;364.1777741;19.11783164;48.10980068
1979-03;367.38887;19.0851361;48.8139058
1979-04;370.4830825;19.03822208;49.08338406
1979-05;357.3280568;18.96576078;49.27744875
1979-06;360.3545384;18.92127075;49.53546162
1979-07;359.9153813;18.91279981;49.75278183
1979-08;372.8166159;18.93009344;50.03275353
1979-09;372.9394605;18.92169822;50.24037115
1979-10;355.9965509;18.92971631;50.10080837
1979-11;350.0131176;18.91262297;49.8972895
1979-12;360.0565678;18.87123941;49.63302966
1980-01;365.1735299;18.7690633;49.40313815
1980-02;374.3687975;18.66973622;49.17998149
1980-03;334.8586376;18.54995318;48.90151451
1980-04;325.7613426;18.49144727;47.98907359
1980-05;337.2948732;18.45673161;47.1545749
1980-06;354.9984432;18.40044287;46.27990175
1980-07;371.106575;18.53466697;45.97012999
1980-08;379.8125375;18.53445203;45.33147209
1980-09;385.7967634;18.51214509;44.64873214
1980-10;393.3348909;18.42813237;44.40877801
1980-11;406.5941009;18.36714693;44.22497368
1980-12;396.2942859;18.28593859;43.99311848
1981-01;391.6334052;18.25659483;43.4035819
1981-02;374.2169795;18.18624573;42.72601962
1981-03;385.5744915;18.17873729;42.20477542
1981-04;386.4282828;18.16175552;42.33258584
1981-05;375.7134813;18.12476638;42.4116903
1981-06;374.0924876;18.06841267;42.44239031
1981-07;361.0589451;17.99234193;42.22152267
1981-08;359.7084507;17.97618003;42.14167685
1981-09;325.174269;17.9216926;41.97304386
1981-10;328.5922243;17.98389632;41.96545102
1981-11;336.0157484;18.02654772;41.91311166
1981-12;337.3961569;18.06895412;41.86110638
1982-01;318.6644817;18.09297057;41.22996794
1982-02;310.0713861;18.1168347;40.60256169
1982-03;300.369127;18.21733333;40.14861706
1982-04;313.9502568;18.22153253;39.4035917
1982-05;311.2682411;18.13057281;38.46275337
1982-06;289.7225064;17.98550838;37.42359085
1982-07;287.4485;17.92829958;36.69750425
1982-08;287.6467055;17.92657796;36.08904195
1982-09;320.2919816;17.92483721;35.48332737
1982-10;346.1838276;17.88747751;34.5748163
1982-11;361.0064349;17.94139243;33.84389581
1982-12;365.8982198;18.0324302;33.17757172
1983-01;377.9852186;18.0304712;32.91771896
1983-02;384.1410368;18.04696161;32.69202462
1983-03;397.486536;18.08184308;32.50021578
1983-04;409.7341088;17.97945487;32.41680124
1983-05;423.7837009;17.89653289;32.3668998
1983-06;428.4277387;17.86832035;32.41529585
1983-07;428.2509384;17.84806306;32.89249289
1983-08;415.2079341;17.84575973;33.39892738
1983-09;425.3575472;17.80803128;33.83525943
1983-10;425.3623329;17.83122958;34.35187647
1983-11;418.1931077;17.87193305;34.90013873
1983-12;415.7571323;17.93015856;35.48097668
1984-01;418.3371933;17.90000491;36.30281894
1984-02;393.5284241;17.88765564;37.15128479
1984-03;393.0110015;17.92769371;38.10259137
1984-04;391.6019884;17.94841618;38.69628963
1984-05;387.9882374;18.00371957;39.36048998
1984-06;378.2193768;18.05867828;40.02060029
1984-07;371.8442543;18.04670169;40.16213256
1984-08;403.0258134;18.03484131;40.30258134
1984-09;405.2543393;18.00588214;40.40344286
1984-10;400.937037;18.07622685;40.35329097
1984-11;404.5863426;18.19787037;40.41800532
1984-12;400.2071759;18.31951389;40.48296296
1985-01;416.6891232;18.39000138;40.20394409
1985-02;437.199888;18.40800039;39.81274137
1985-03;431.9447016;18.44312383;39.46250646
1985-04;432.8001286;18.42077389;38.65485091
1985-05;441.453058;18.41575509;37.88999476
1985-06;449.7457075;18.42790776;37.16532818
1985-07;457.4665179;18.47292575;36.79527967
1985-08;446.6567535;18.51780073;36.42683891
1985-09;435.4844702;18.54534626;36.02622749
1985-10;438.8311753;18.52423758;35.40651125
1985-11;464.1816227;18.52025917;34.82349291
1985-12;485.8771558;18.51630261;34.24344065
1986-01;486.6508782;18.5591161;34.07958599
1986-02;514.2375686;18.70380947;34.1028105
1986-03;546.975224;18.88394876;34.18889476
1986-04;561.4285221;18.98163885;34.40117885
1986-05;561.0581095;18.99206401;34.45555477
1986-06;573.8927911;18.95039384;34.41485103
1986-07;561.9610616;19.05176674;34.52410824
1986-08;572.1459093;19.11824388;34.56998996
1986-09;553.9745179;19.13222947;34.52170202
1986-10;551.381947;19.15360135;34.20402914
1986-11;568.7502208;19.17491131;33.88669971
1986-12;576.3498529;19.19620588;33.57017647
1987-01;609.351984;19.12144222;33.83504644
1987-02;644.8146337;19.0988172;34.18803056
1987-03;668.4479538;19.05933653;34.50791146
1987-04;657.6152229;19.09425466;33.80887831
1987-05;654.8364224;19.16262931;33.17603815
1987-06;680.2910022;19.23052203;32.54743282
1987-07;698.0826505;19.28488778;33.54218475
1987-08;737.640767;19.28823117;34.44115057
1987-09;709.956212;19.29156196;35.33073587
1987-10;622.5670967;19.35246043;36.45350316
1987-11;543.8856694;19.44668761;37.63533436
1987-12;535.0059034;19.55768468;38.84897639
1988-01;554.653441;19.61030935;39.55265794
1988-02;570.0032813;19.66263973;40.2529206
1988-03;584.2691685;19.68087715;40.87905097
1988-04;574.4935632;19.78421506;42.91571927
1988-05;558.3661117;19.92037057;45.00788424
1988-06;587.6971557;20.03858422;47.04616684
1988-07;581.7584335;20.11978358;47.61144745
1988-08;567.6890389;20.20027906;48.17219308
1988-09;573.0932805;20.22933744;48.60600845
1988-10;591.2202891;20.35383475;49.17593041
1988-11;577.0999065;20.52857232;49.86632982
1988-12;587.8349844;20.7283584;50.49215508
1989-01;603.750031;20.75962961;51.10932287
1989-02;619.385588;20.84984615;51.74187089
1989-03;613.1173498;20.96790117;52.28359771
1989-04;629.1112256;20.99125438;52.12424788
1989-05;649.5581129;21.09315295;52.00872545
1989-06;668.2181356;21.40692637;52.06197522
1989-07;683.4932225;21.46506449;50.88616308
1989-08;712.6197532;21.68432415;49.75590891
1989-09;711.773985;21.9905985;48.5514705
1989-10;708.5777568;22.02159317;47.78249434
1989-11;692.2387708;22.22672477;47.13266996
1989-12;708.2060567;22.46918814;46.46205541
1990-01;683.6258992;22.40077806;45.22383291
1990-02;661.3679224;22.47590186;44.19126563
1990-03;673.7148864;22.53280303;43.13479167
1990-04;672.1130731;22.72977581;42.79618084
1990-05;694.4851611;22.90819532;42.42595474
1990-06;710.740267;22.9951761;41.92773961
1990-07;707.3077871;23.0380419;42.08130656
1990-08;643.8597906;22.93814987;42.009053
1990-09;608.9082748;22.83816268;41.96970893
1990-10;589.3512022;22.88686827;41.4624076
1990-11;603.6725434;23.00136181;41.11402717
1990-12;629.4438411;23.14821609;40.85880325
1991-01;619.4980317;23.04241857;40.31771377
1991-02;688.4586026;23.020774;39.96028405
1991-03;706.4530056;22.98040694;39.73655833
1991-04;719.4297115;22.98430889;38.58502698
1991-05;714.1146806;22.935401;37.51411672
1991-06;712.579449;22.88678079;36.56233869
1991-07;715.1820608;22.934617;35.43652533
1991-08;730.2853496;22.9488514;34.37629804
1991-09;722.9838192;22.9293422;33.27368714
1991-10;721.3348035;22.84618421;32.07542138
1991-11;717.4562264;22.73041574;30.83600537
1991-12;721.7474796;22.66433104;29.66798087
1992-01;771.8457241;22.70570963;29.76729663
1992-02;762.5550974;22.69773268;29.80149458
1992-03;749.1600431;22.65723618;29.77440372
1992-04;748.1777997;22.62475269;30.27033977
1992-05;760.6767667;22.5923622;30.74670125
1992-06;746.0136871;22.5117903;31.15470979
1992-07;756.7831161;22.50620657;31.68989413
1992-08;759.871042;22.48485922;32.19992858
1992-09;758.7171231;22.48158174;32.70707537
1992-10;745.2381215;22.37828131;33.22407043
1992-11;762.8428151;22.34062868;33.80870863
1992-12;786.4890751;22.36846855;34.464412
1993-01;781.8917632;22.30052392;34.74435747
1993-02;790.7425445;22.28239807;35.07051494
1993-03;803.081835;22.26422006;35.39440111
1993-04;788.255474;22.22603618;34.99364714
1993-05;791.0173479;22.21901553;34.64309553
1993-06;794.9070005;22.21183691;34.29351498
1993-07;793.5409371;22.21183691;34.93219399
1993-08;803.4502145;22.15047825;35.47261093
1993-09;810.8110079;22.10468125;36.03486776
1993-10;815.6656271;22.04881863;36.74803106
1993-11;813.3315419;22.06883745;37.58379244
1993-12;818.7081854;22.10397891;38.46232896
1994-01;828.8041685;22.11937601;38.82442614
1994-02;823.517068;22.11977532;39.17512499
1994-03;807.1971845;22.11999788;39.5236154
1994-04;777.2858917;22.16523973;40.91252799
1994-05;783.1330551;22.22559052;42.32635297
1994-06;787.2899861;22.22545439;43.62005068
1994-07;779.2467402;22.21733617;44.72814143
1994-08;798.1851242;22.1794505;45.76875755
1994-09;800.7121586;22.15436245;46.86367846
1994-10;794.7787663;22.29942114;48.7001413
1994-11;788.9253044;22.41235121;50.50039203
1994-12;778.9655524;22.53778933;52.36570641
1995-01;793.0028381;22.46486277;53.26456462
1995-02;818.1502187;22.37553926;54.15627485
1995-03;834.450353;22.284723;55.07727667
1995-04;856.5965681;22.3349911;55.95291953
1995-05;881.6708316;22.39768094;56.897317
1995-06;906.0416865;22.44315738;57.8381668
1995-07;936.3130709;22.57754754;58.25813607
1995-08;936.7789319;22.63576643;58.52459819
1995-09;967.8199874;22.70849461;58.82804422
1995-10;971.5886418;22.75129514;57.95879935
1995-11;993.2527332;22.88285645;57.31838649
1995-12;1025.676292;23.01458917;56.67697231
1996-01;1019.448728;23.05183265;56.39090213
1996-02;1074.241247;23.1484319;56.25287095
1996-03;1064.657684;23.19945809;56.00776975
1996-04;1060.73461;23.20333399;56.26808901
1996-05;1081.703244;23.25147484;56.63470546
1996-06;1092.898313;23.32933272;57.07267031
1996-07;1050.946864;23.49687898;57.55642093
1996-08;1079.251054;23.66378616;58.0384892
1996-09;1095.637529;23.79985504;58.44439163
1996-10;1135.192038;23.85414798;59.7324696
1996-11;1188.303028;23.93824795;61.089375
1996-12;1200.546747;24.06746926;62.55926742
1997-01;1233.759883;24.0776561;63.17307251
1997-02;1281.532257;24.08793963;63.78319221
1997-03;1268.353369;24.11306016;64.42958438
1997-04;1221.626357;24.13620762;64.51433847
1997-05;1333.054576;24.20472776;64.72008847
1997-06;1400.430864;24.22774641;64.80442725
1997-07;1476.896877;24.28805749;64.77155841
1997-08;1477.248148;24.3329172;64.69851096
1997-09;1489.12503;24.36264617;64.58564516
1997-10;1507.854937;24.39222797;63.93957432
1997-11;1489.372751;24.49711392;63.49281758
1997-12;1528.463419;24.61754107;63.08443428
1998-01;1527.195353;24.65110419;62.87220529
1998-02;1619.907306;24.68454293;62.66076282
1998-03;1700.762364;24.70206381;62.4501025
1998-04;1753.3833;24.829875;62.035275
1998-05;1744.204061;24.94147919;61.62197635
1998-06;1742.016783;25.06804256;61.24775038
1998-07;1815.527636;25.14202345;60.7122877
1998-08;1684.80719;25.21566645;60.17797903
1998-09;1598.220238;25.27362699;59.64513333
1998-10;1612.801556;25.25369155;59.30174176
1998-11;1787.692122;25.27962209;59.10398233
1998-12;1860.088448;25.32114857;58.94200694
1999-01;1947.117831;25.38943814;59.14673615
1999-02;1941.339955;25.48834727;59.42262956
1999-03;1989.922793;25.54049432;59.58931136
1999-04;2057.403642;25.35608642;60.51549865
1999-05;2053.257266;25.35608642;61.87193366
1999-06;2038.583106;25.35608642;63.22836868
1999-07;2122.278011;25.37736278;64.54476605
1999-08;2035.176826;25.41371148;65.89269973
1999-09;2011.259311;25.38925551;67.07401876
1999-10;1980.013001;25.36935605;69.09176836
1999-11;2117.338792;25.37965166;71.18682784
1999-12;2174.694167;25.40502117;73.32294006
2000-01;2163.562963;25.36518143;74.51211752
2000-02;2095.420805;25.25100228;75.47137846
2000-03;2158.102573;25.07942611;76.24085682
2000-04;2185.481795;25.03487522;76.67989857
2000-05;2118.880347;24.97580466;77.07346101
2000-06;2172.428888;24.81570113;77.15156903
2000-07;2183.767253;24.5852955;77.85261212
2000-08;2202.239581;24.41233362;78.73224682
2000-09;2165.151894;24.11377915;79.19938472
2000-10;2046.711511;24.03294217;77.24698994
2000-11;2027.731245;23.97989912;75.3878195
2000-12;1959.53627;23.95441918;73.61530172
2001-01;1954.102587;23.65762885;70.92899486
2001-02;1902.779677;23.41770584;68.4315785
2001-03;1724.134707;23.21915189;66.06626561
2001-04;1723.090438;22.9921103;61.62928243
2001-05;1831.429232;22.7540465;57.19507105
2001-06;1782.776833;22.58136973;52.9489224
2001-07;1738.35215;22.6690338;49.01841796
2001-08;1700.899173;22.69308838;44.93876162
2001-09;1500.937639;22.61521523;40.67577783
2001-10;1552.066246;22.69157499;39.07352736
2001-11;1631.357579;22.72994856;37.39707124
2001-12;1659.929816;22.81999363;35.79578417
2002-01;1649.353038;22.76363036;35.7197572
2002-02;1585.888731;22.66920697;35.58393103
2002-03;1653.128436;22.53764576;35.38969169
2002-04;1584.291531;22.55952795;36.16173596
2002-05;1537.728666;22.70675855;37.13060831
2002-06;1443.985054;22.84128544;38.07830253
2002-07;1285.301586;22.70212521;39.60069961
2002-08;1293.736578;22.51332734;41.02869604
2002-09;1228.268788;22.36278315;42.5175953
2002-10;1207.612695;22.45295125;41.29327117
2002-11;1285.752922;22.58012341;40.13930157
2002-12;1273.37234;22.75750518;39.07153503
2003-01;1263.056747;22.7278027;40.18252958
2003-02;1171.116284;22.62398041;41.14850116
2003-03;1177.474113;22.55841409;42.16837948
2003-04;1240.527736;22.58427741;44.22541383
2003-05;1306.677944;22.59793188;46.26619414
2003-06;1377.828389;22.55008608;48.18215671
2003-07;1382.654366;22.7205883;50.00108211
2003-08;1373.234195;22.82871919;51.67570863
2003-09;1410.15882;22.94841759;53.36648286
2003-10;1438.395404;23.34249696;58.11390878
2003-11;1457.803222;23.77602676;62.97384079
2003-12;1502.11452;24.17250102;67.74972396
2004-01;1566.578776;24.34551836;68.92363796
2004-02;1573.079452;24.50369529;70.04855733
2004-03;1536.513348;24.63386406;71.08551227
2004-04;1544.391391;24.81869415;72.74366523
2004-05;1493.979687;24.93623942;74.19456967
2004-06;1529.741027;25.11845677;75.82802945
2004-07;1495.765762;25.4107273;76.67853782
2004-08;1472.11615;25.64966887;77.36808938
2004-09;1507.759536;25.84746051;77.93360091
2004-10;1499.257487;25.83731273;77.87426892
2004-11;1567.856075;25.9489699;78.18222546
2004-12;1614.372658;26.17006569;78.81982232
2005-01;1587.074413;26.46892796;79.40230598
2005-02;1602.308201;26.66885102;79.6904448
2005-03;1583.605668;26.81089854;79.80980277
2005-04;1532.914352;26.93896358;80.61064684
2005-05;1552.743021;27.27416635;82.02895512
2005-06;1583.516236;27.56747333;83.32146979
2005-07;1602.430763;27.67649021;84.34053128
2005-08;1596.919648;27.77036055;85.30679099
2005-09;1579.767193;27.66705954;85.65577308
2005-10;1532.920697;27.93301581;86.92415004
2005-11;1604.205432;28.48331003;89.08002878
2005-12;1642.879422;28.92452934;90.90008479
2006-01;1651.975037;28.94688792;91.43547624
2006-02;1645.967754;29.12928221;92.47193351
2006-03;1658.81847;29.20825263;93.17663382
2006-04;1655.541133;29.24153226;93.16182661
2006-05;1631.982095;29.37545;93.46925772
2006-06;1582.250651;29.5953105;94.05096753
2006-07;1586.485791;29.7850043;95.48573864
2006-08;1617.183403;30.00298308;97.00713248
2006-09;1663.776641;30.42862555;99.2023697
2006-10;1730.784899;30.92455525;100.9872073
2006-11;1765.476581;31.30115323;102.383504
2006-12;1798.118167;31.58468533;103.4753899
2007-01;1802.441946;31.74590787;103.8523607
2007-02;1818.832869;31.83293223;103.9878584
2007-03;1755.201847;31.79934971;103.7314998
2007-04;1814.138958;31.87505594;103.79328
2007-05;1861.637873;31.9606998;103.8897269
2007-06;1861.787201;32.17758079;104.4142209
2007-07;1870.279688;32.51783374;101.8498565
2007-08;1792.284276;32.91025355;99.44129027
2007-09;1839.580186;33.15156662;96.57943427
2007-10;1887.812648;33.38733123;91.29712388
2007-11;1783.701734;33.494915;85.71187856
2007-12;1804.207034;33.82232599;80.71985338
2008-01;1673.358254;33.88563815;77.97823248
2008-02;1639.602113;34.01744478;75.41683239
2008-03;1580.00513;33.95306178;72.45319437
2008-04;1634.31624;33.91136337;68.43091318
2008-05;1659.397751;33.78980137;64.30389987
2008-06;1570.290435;33.61270337;60.14227001
2008-07;1464.350399;33.49147503;57.72397614
2008-08;1498.44621;33.68026226;55.84274012
2008-09;1424.972563;33.78155095;53.80458462
2008-10;1145.980316;33.94489589;42.10286889
2008-11;1064.932522;34.42281658;30.43502795
2008-12;1069.383801;34.59570413;18.13258462
2009-01;1050.21415;33.98876946;14.81043238
2009-02;972.1566118;33.36583117;11.50962214
2009-03;911.8679032;32.83124304;8.262007602
2009-04;1018.946385;32.08072272;8.50173191
2009-05;1081.010221;31.32147683;8.736791346
2009-06;1099.964205;30.39356023;8.9197201
2009-07;1113.25017;29.77168785;10.92844589
2009-08;1198.48538;29.03642296;12.89408672
2009-09;1239.039513;28.35004966;14.87487961
2009-10;1265.233921;27.73419553;30.04109913
2009-11;1288.508911;27.12642028;45.18964776
2009-12;1317.248685;26.58508172;60.46593553
2010-01;1328.36824;26.29355245;64.18511522
2010-02;1287.353894;26.08606672;68.09326252
2010-03;1356.119344;25.7792749;71.72288673
2010-04;1406.964548;25.78941466;74.01530671
2010-05;1321.028138;25.82423354;76.37288103
2010-06;1273.307728;25.90431835;78.86478047
2010-07;1268.855763;26.02027793;80.71260682
2010-08;1275.883825;26.10566013;82.4632195
2010-09;1315.954829;26.21166979;84.27608909
2010-10;1372.298736;26.32743923;86.31480041
2010-11;1403.69711;26.46467456;88.42112768
2010-12;1451.127651;26.56732539;90.40838624
2011-01;1492.047583;26.71281128;91.51532282
2011-02;1529.292406;26.85182737;92.59423786
2011-03;1495.459637;26.86001373;93.21330415
2011-04;1516.668725;27.03367185;93.58890131
2011-05;1517.276773;27.25099269;94.11814907
2011-06;1460.998756;27.62447446;95.18753793
2011-07;1502.681592;27.91752187;96.27878648
2011-08;1340.370335;28.15737767;97.18630101
2011-09;1325.432461;28.43083567;98.20945539
2011-10;1365.894191;28.96103304;98.40113467
2011-11;1388.789323;29.45731446;98.47288821
2011-12;1411.408025;30.0031481;98.70502183
2012-01;1469.941147;30.21830758;98.87162001
2012-02;1521.909923;30.43092175;99.03458978
2012-03;1551.480609;30.54403461;98.88003014
2012-04;1543.678947;30.81204392;98.35210357
2012-05;1495.151427;31.20867246;98.23727618
2012-06;1477.486995;31.61546205;98.15082709
2012-07;1520.489123;32.14043868;97.7817776
2012-08;1560.635194;32.43330827;96.71427192
2012-09;1597.951401;32.75788195;95.76062144
2012-10;1592.371183;33.38343837;95.80157127
2012-11;1551.758158;34.15809347;96.26135757
2012-12;1586.944439;34.86772297;96.52501486
2013-01;1646.911249;35.08382268;96.68168534
2013-02;1668.74334;35.11513879;96.33398974
2013-03;1706.785443;35.33906397;96.51933697
2013-04;1730.452668;35.80183583;97.81330366
2013-05;1803.413943;36.16344389;98.83086136
2013-06;1775.980377;36.50108858;99.78280752
2013-07;1830.016474;36.89979762;100.9937298
2013-08;1829.362202;37.26805142;102.1211061
2013-09;1845.92426;37.63686798;103.2497451
2013-10;1886.735099;37.9497714;105.6480099
2013-11;1960.404458;38.24360865;108.0002733
2013-12;1987.21874;38.46307831;110.1457687
2014-01;1995.82099;38.77319289;109.974808
2014-02;1982.662901;39.08135001;109.8060453
2014-03;2020.368284;39.27939756;109.3383175
2014-04;2014.52916;39.56456056;109.7966984
2014-05;2034.987982;39.83964822;110.2293682
2014-06;2092.815606;40.17762269;110.8377863
2014-07;2121.600102;40.59115294;111.8989664
2014-08;2112.688593;41.05758728;113.1058263
2014-09;2145.217022;41.42492496;114.0396219
2014-10;2090.241248;41.87092938;113.0141053
2014-11;2217.989754;42.44176157;112.3077644
2014-12;2241.220451;43.0292681;111.6208017
2015-01;2223.218336;43.73329826;111.0304733
2015-02;2272.563282;44.04260093;109.4370955
2015-03;2256.719867;44.27749064;107.682944
2015-04;2268.242272;44.52332005;105.8980815
2015-05;2275.138997;44.63148036;103.8025749
2015-06;2253.617346;44.80847717;101.8872201
2015-07;2247.938031;45.0809899;100.3596797
2015-08;2192.787922;45.42083515;98.97915189
2015-09;2093.430769;45.76799234;97.60823772
2015-10;2180.973422;46.10453938;96.16930826
2015-11;2245.827992;46.51868211;94.88674179
2015-12;2224.782928;46.99589658;93.72101707
2016-01;2074.614404;47.09495085;93.53390284
2016-02;2057.58778;47.23268981;93.42456777
2016-03;2175.203998;47.20589106;92.99173253
2016-04;2222.319691;47.19014643;92.72424779
2016-05;2202.7115;47.20616578;92.52124119
2016-06;2214.994503;47.25712758;92.38842846
2016-07;2287.796466;47.53600085;93.3082546
2016-08;2309.150898;47.69447766;93.99201626
2016-09;2289.542726;47.78170588;94.53413673
2016-10;2271.144721;47.95889405;96.34523552
2016-11;2298.002695;48.27066294;98.42714743
2016-12;2383.8782;48.49184501;100.3261257
2017-01;2400.12142;48.45000546;101.7632971
2017-02;2450.213077;48.53642453;103.4562688
2017-03;2487.007462;48.7351831;105.3827407
2017-04;2471.785939;48.88443312;106.3737557
2017-05;2507.400952;49.1357842;107.5844081
2017-06;2545.539388;49.38408534;108.7872206
2017-07;2568.342984;49.74958816;109.9298101
2017-08;2562.88723;49.93147883;110.6659093
2017-09;2587.397515;49.99716721;111.1417202
2017-10;2655.669704;50.29189648;112.1813598
2017-11;2693.626892;50.55377576;113.1479564
2017-12;2768.711978;50.84676771;114.1844029
2018-01;2883.378793;50.93989872;115.4812258
2018-02;2783.278393;51.07691116;116.8667713
2018-03;2774.545778;51.32781883;118.5056681
2018-04;2713.315122;51.46201621;120.43591
2018-05;2750.811188;51.58490121;122.3266114
2018-06;2800.173126;51.83830222;124.5176555
2018-07;2839.925189;52.2922609;127.1896068
2018-08;2903.555479;52.7204281;129.7978498
2018-09;2944.512919;53.1159077;132.32295
2018-10;2821.767304;53.49835622;132.7649354
2018-11;2767.997149;54.15586935;133.8887318
2018-12;2617.875378;54.80865248;134.9975349
